Protein State,Deut Time,Experiment,Protein,Start,End,Sequence,Adduct,Charge,Search RT,Actual RT,# Spectra,Search IMS,IMS Range,Peak Width,m/z Shift,Max Inty,Exp Cent,Exp Cent 2,L/R Ratio,Left %,Right %,Theor Cent,Theor Cent 2,Theor L/R,Theor Left %,Theor Right %,Score,Cent Diff,# Deut,Deut %,Cent Diff 2,# Deut 2,Deut % 2,Mark,Confidence
apo_PROTEIN,0s,ELN66236_02_10_PROTEIN-ECD_apo_0_20220610_182354,PROTEIN,1,13,AAAAAAAAPAAAA,H,3,5.37,5.21-5.38,12,55,54-58,0.044,-0.005,5.68E+05,568.375,n/a,n/a,n/a,n/a,568.317,n/a,n/a,n/a,n/a,0.8485,n/a,n/a,,n/a,n/a,n/a,,Medium
apo_PROTEIN,15.00s,ELN66236_02_11_PROTEIN-ECD_apo_15_20220610_184553,PROTEIN,1,13,AAAAAAAAPAAAA,H,3,5.37,5.21-5.38,12,55,54-58,0.048,-0.007,1.99E+05,569.147,n/a,n/a,n/a,n/a,569.097,n/a,n/a,n/a,n/a,0.8244,0.78,2.34,26.563,n/a,n/a,n/a,,Medium
apo_PROTEIN,150.00s,ELN66236_02_12_PROTEIN-ECD_apo_150_20220610_191541,PROTEIN,1,13,AAAAAAAAPAAAA,H,3,5.37,5.21-5.38,12,55,54-58,0.05,-0.007,8.99E+04,569.526,n/a,n/a,n/a,n/a,569.488,n/a,n/a,n/a,n/a,0.7916,1.171,3.513,39.878,n/a,n/a,n/a,,Medium
apo_PROTEIN,1500.00s,ELN66236_02_13_PROTEIN-ECD_apo_1500_20220610_195632,PROTEIN,1,13,AAAAAAAAPAAAA,H,3,5.37,5.21-5.38,12,55,54-58,0.055,0.001,6.20E+04,569.641,n/a,n/a,n/a,n/a,569.616,n/a,n/a,n/a,n/a,0.7762,1.299,3.897,44.234,n/a,n/a,n/a,,Medium
mAb_1,0s,ELN66236_02_63_mAb_1_PROTEIN_ECD_0_20220613_164825,PROTEIN,1,13,AAAAAAAAPAAAA,H,3,5.37,5.27-5.38,8,55,52-57,0.051,-0.005,9.53E+04,568.399,n/a,n/a,n/a,n/a,568.317,n/a,n/a,n/a,n/a,0.8239,n/a,n/a,,n/a,n/a,n/a,,Medium
mAb_1,15.00s,ELN66236_02_06_mAb_1_PROTEIN_ECD_15_20220610_163142,PROTEIN,1,13,AAAAAAAAPAAAA,H,3,5.37,5.27-5.38,8,55,52-57,0.051,-0.005,1.96E+05,569.212,n/a,n/a,n/a,n/a,569.08,n/a,n/a,n/a,n/a,0.7845,0.763,2.29,25.988,n/a,n/a,n/a,,Medium
mAb_1,150.00s,ELN66236_02_07_mAb_1_PROTEIN_ECD_150_20220610_165350,PROTEIN,1,13,AAAAAAAAPAAAA,H,3,5.37,5.27-5.38,8,55,52-57,0.053,-0.005,1.01E+05,569.561,n/a,n/a,n/a,n/a,569.445,n/a,n/a,n/a,n/a,0.788,1.128,3.385,38.421,n/a,n/a,n/a,,Medium
mAb_1,1500.00s,ELN66236_02_09_mAb_1_PROTEIN_ECD_1500_20220610_175621,PROTEIN,1,13,AAAAAAAAPAAAA,H,3,5.37,5.27-5.38,8,55,52-57,0.051,-0.006,5.17E+04,569.77,n/a,n/a,n/a,n/a,569.681,n/a,n/a,n/a,n/a,0.7116,1.365,4.094,46.467,n/a,n/a,n/a,,Medium
mAb_2,0s,ELN66236_02_65_mAb_2_PROTEIN_ECD_0_20220613_173205,PROTEIN,1,13,AAAAAAAAPAAAA,H,3,5.37,5.26-5.37,8,55,54-58,0.044,-0.005,2.60E+05,568.344,n/a,n/a,n/a,n/a,568.318,n/a,n/a,n/a,n/a,0.8775,n/a,n/a,,n/a,n/a,n/a,,Medium
mAb_2,15.00s,ELN66236_02_16_mAb_2_PROTEIN_ECD_15_20220610_210102,PROTEIN,1,13,AAAAAAAAPAAAA,H,3,5.37,5.26-5.37,8,55,54-58,0.041,0,2.75E+05,569.205,n/a,n/a,n/a,n/a,569.125,n/a,n/a,n/a,n/a,0.8052,0.807,2.421,27.481,n/a,n/a,n/a,,Medium
mAb_2,150.00s,ELN66236_02_18_mAb_2_PROTEIN_ECD_150_20220610_214348,PROTEIN,1,13,AAAAAAAAPAAAA,H,3,5.37,5.26-5.37,8,55,54-58,0.045,0,1.28E+05,569.537,n/a,n/a,n/a,n/a,569.459,n/a,n/a,n/a,n/a,0.7968,1.141,3.424,38.865,n/a,n/a,n/a,,Medium
mAb_2,1500.00s,ELN66236_02_20_mAb_2_PROTEIN_ECD_1500_20220610_224546,PROTEIN,1,13,AAAAAAAAPAAAA,H,3,5.37,5.26-5.37,8,55,54-58,0.045,0,8.68E+04,569.744,n/a,n/a,n/a,n/a,569.683,n/a,n/a,n/a,n/a,0.7592,1.366,4.097,46.506,n/a,n/a,n/a,,Medium
mAb_3,0s,ELN66236_02_64_mAb_3_PROTEIN_ECD_0_20220613_171016,PROTEIN,1,13,AAAAAAAAPAAAA,H,3,5.37,5.24-5.35,8,55,54-58,0.043,0,2.83E+05,568.362,n/a,n/a,n/a,n/a,568.317,n/a,n/a,n/a,n/a,0.8798,n/a,n/a,,n/a,n/a,n/a,,Medium
mAb_3,15.00s,ELN66236_02_28_mAb_3_PROTEIN_ECD_15_20220611_023911,PROTEIN,1,13,AAAAAAAAPAAAA,H,3,5.37,5.24-5.35,8,55,54-58,0.039,-0.001,3.70E+05,569.179,n/a,n/a,n/a,n/a,569.128,n/a,n/a,n/a,n/a,0.8114,0.811,2.432,27.6,n/a,n/a,n/a,,Medium
mAb_3,150.00s,ELN66236_02_30_mAb_3_PROTEIN_ECD_150_20220611_032243,PROTEIN,1,13,AAAAAAAAPAAAA,H,3,5.37,5.24-5.35,8,55,54-58,0.044,-0.001,1.74E+05,569.494,n/a,n/a,n/a,n/a,569.425,n/a,n/a,n/a,n/a,0.8148,1.108,3.323,37.716,n/a,n/a,n/a,,Medium
mAb_3,1500.00s,ELN66236_02_32_mAb_3_PROTEIN_ECD_1500_20220611_042454,PROTEIN,1,13,AAAAAAAAPAAAA,H,3,5.37,5.24-5.35,8,55,54-58,0.042,-0.002,1.11E+05,569.735,n/a,n/a,n/a,n/a,569.678,n/a,n/a,n/a,n/a,0.7535,1.36,4.08,46.315,n/a,n/a,n/a,,Medium
mAb_4,0s,ELN66236_02_68_mAb_4_PROTEIN_ECD_0_20220613_183721,PROTEIN,1,13,AAAAAAAAPAAAA,H,3,5.37,5.26-5.38,9,55,54-58,0.044,0.001,3.38E+05,568.327,n/a,n/a,n/a,n/a,568.318,n/a,n/a,n/a,n/a,0.8784,n/a,n/a,,n/a,n/a,n/a,,Medium
mAb_4,15.00s,ELN66236_02_53_mAb_4_PROTEIN_ECD_15_20220611_212338,PROTEIN,1,13,AAAAAAAAPAAAA,H,3,5.37,5.26-5.38,9,55,54-58,0.04,0,2.91E+05,569.178,n/a,n/a,n/a,n/a,569.125,n/a,n/a,n/a,n/a,0.8392,0.807,2.422,27.496,n/a,n/a,n/a,,Medium
mAb_4,150.00s,ELN66236_02_56_mAb_4_PROTEIN_ECD_150_20220611_222847,PROTEIN,1,13,AAAAAAAAPAAAA,H,3,5.37,5.26-5.38,9,55,54-58,0.044,-0.001,1.58E+05,569.45,n/a,n/a,n/a,n/a,569.396,n/a,n/a,n/a,n/a,0.84,1.079,3.237,36.741,n/a,n/a,n/a,,Medium
mAb_4,1500.00s,ELN66236_02_59_mAb_4_PROTEIN_ECD_1500_20220611_235156,PROTEIN,1,13,AAAAAAAAPAAAA,H,3,5.37,5.26-5.38,9,55,54-58,0.052,-0.002,7.89E+04,569.737,n/a,n/a,n/a,n/a,569.671,n/a,n/a,n/a,n/a,0.8309,1.353,4.06,46.086,n/a,n/a,n/a,,Medium
mAb_5,0s,ELN66236_02_66_mAb_5_PROTEIN_ECD_0_20220613_175352,PROTEIN,1,13,AAAAAAAAPAAAA,H,3,5.37,5.26-5.37,8,55,54-58,0.045,-0.003,2.28E+05,568.326,n/a,n/a,n/a,n/a,568.318,n/a,n/a,n/a,n/a,0.8848,n/a,n/a,,n/a,n/a,n/a,,Medium
mAb_5,15.00s,ELN66236_02_51_mAb_5_PROTEIN_ECD_15_20220611_203241,PROTEIN,1,13,AAAAAAAAPAAAA,H,3,5.37,5.26-5.37,8,55,54-58,0.04,0,2.50E+05,569.115,n/a,n/a,n/a,n/a,569.06,n/a,n/a,n/a,n/a,0.8247,0.743,2.228,25.289,n/a,n/a,n/a,,Medium
mAb_5,150.00s,ELN66236_02_54_mAb_5_PROTEIN_ECD_150_20220611_214542,PROTEIN,1,13,AAAAAAAAPAAAA,H,3,5.37,5.26-5.37,8,55,54-58,0.043,-0.001,1.46E+05,569.418,n/a,n/a,n/a,n/a,569.39,n/a,n/a,n/a,n/a,0.8422,1.073,3.218,36.524,n/a,n/a,n/a,,Medium
mAb_5,1500.00s,ELN66236_02_57_mAb_5_PROTEIN_ECD_1500_20220611_230941,PROTEIN,1,13,AAAAAAAAPAAAA,H,3,5.37,5.26-5.37,8,55,54-58,0.048,-0.001,6.23E+04,569.631,n/a,n/a,n/a,n/a,569.595,n/a,n/a,n/a,n/a,0.8192,1.278,3.833,43.507,n/a,n/a,n/a,,Medium
mAb_6,0s,ELN66236_02_67_mAb_6_PROTEIN_ECD_0_20220613_181538,PROTEIN,1,13,AAAAAAAAPAAAA,H,3,5.37,5.24-5.39,11,55,54-58,0.05,-0.002,9.36E+04,568.369,n/a,n/a,n/a,n/a,568.317,n/a,n/a,n/a,n/a,0.8373,n/a,n/a,,n/a,n/a,n/a,,Medium
mAb_6,15.00s,ELN66236_02_52_mAb_6_PROTEIN_ECD_15_20220611_210144,PROTEIN,1,13,AAAAAAAAPAAAA,H,3,5.37,5.24-5.39,11,55,54-58,0.047,-0.001,1.57E+05,569.178,n/a,n/a,n/a,n/a,569.095,n/a,n/a,n/a,n/a,0.8141,0.777,2.332,26.465,n/a,n/a,n/a,,Medium
mAb_6,150.00s,ELN66236_02_55_mAb_6_PROTEIN_ECD_150_20220611_220720,PROTEIN,1,13,AAAAAAAAPAAAA,H,3,5.37,5.24-5.39,11,55,54-58,0.052,-0.002,7.40E+04,569.526,n/a,n/a,n/a,n/a,569.421,n/a,n/a,n/a,n/a,0.7975,1.104,3.312,37.594,n/a,n/a,n/a,,Medium
mAb_6,1500.00s,ELN66236_02_58_mAb_6_PROTEIN_ECD_1500_20220611_233054,PROTEIN,1,13,AAAAAAAAPAAAA,H,3,5.37,5.24-5.39,11,55,54-58,0.063,-0.002,2.24E+04,569.727,n/a,n/a,n/a,n/a,569.607,n/a,n/a,n/a,n/a,0.69,1.29,3.87,43.925,n/a,n/a,n/a,,Medium
apo_PROTEIN,0s,ELN66236_02_10_PROTEIN-ECD_apo_0_20220610_182354,PROTEIN,1,16,AAAAAAAAPAAAAAAA,H,3,5.2,5.08-5.38,22,60,57-62,0.058,-0.003,7.43E+05,682.473,n/a,n/a,n/a,n/a,682.448,n/a,n/a,n/a,n/a,0.8961,n/a,n/a,,n/a,n/a,n/a,,High
apo_PROTEIN,15.00s,ELN66236_02_11_PROTEIN-ECD_apo_15_20220610_184553,PROTEIN,1,16,AAAAAAAAPAAAAAAA,H,3,5.2,5.08-5.38,22,60,57-62,0.049,-0.005,3.60E+05,683.559,n/a,n/a,n/a,n/a,683.532,n/a,n/a,n/a,n/a,0.8795,1.084,3.252,28.395,n/a,n/a,n/a,,Medium
apo_PROTEIN,150.00s,ELN66236_02_12_PROTEIN-ECD_apo_150_20220610_191541,PROTEIN,1,16,AAAAAAAAPAAAAAAA,H,3,5.2,5.08-5.38,22,60,57-62,0.054,-0.006,1.98E+05,684.065,n/a,n/a,n/a,n/a,684.056,n/a,n/a,n/a,n/a,0.8864,1.608,4.823,42.11,n/a,n/a,n/a,,Medium
apo_PROTEIN,1500.00s,ELN66236_02_13_PROTEIN-ECD_apo_1500_20220610_195632,PROTEIN,1,16,AAAAAAAAPAAAAAAA,H,3,5.2,5.08-5.38,22,60,57-62,0.051,0.003,1.49E+05,684.255,n/a,n/a,n/a,n/a,684.234,n/a,n/a,n/a,n/a,0.8424,1.786,5.358,46.779,n/a,n/a,n/a,,Medium
mAb_1,0s,ELN66236_02_63_mAb_1_PROTEIN_ECD_0_20220613_164825,PROTEIN,1,16,AAAAAAAAPAAAAAAA,H,3,5.2,4.98-5.26,21,60,59-63,0.052,-0.004,3.35E+05,682.442,n/a,n/a,n/a,n/a,682.449,n/a,n/a,n/a,n/a,0.891,n/a,n/a,,n/a,n/a,n/a,,High
mAb_1,15.00s,ELN66236_02_06_mAb_1_PROTEIN_ECD_15_20220610_163142,PROTEIN,1,16,AAAAAAAAPAAAAAAA,H,3,5.2,4.98-5.26,21,60,59-63,0.05,-0.003,8.56E+05,683.53,n/a,n/a,n/a,n/a,683.527,n/a,n/a,n/a,n/a,0.8924,1.078,3.234,28.237,n/a,n/a,n/a,,High
mAb_1,150.00s,ELN66236_02_07_mAb_1_PROTEIN_ECD_150_20220610_165350,PROTEIN,1,16,AAAAAAAAPAAAAAAA,H,3,5.2,4.98-5.26,21,60,59-63,0.052,-0.004,4.26E+05,684.081,n/a,n/a,n/a,n/a,684.091,n/a,n/a,n/a,n/a,0.8989,1.642,4.927,43.015,n/a,n/a,n/a,,High
mAb_1,1500.00s,ELN66236_02_09_mAb_1_PROTEIN_ECD_1500_20220610_175621,PROTEIN,1,16,AAAAAAAAPAAAAAAA,H,3,5.2,4.98-5.26,21,60,59-63,0.053,-0.005,2.18E+05,684.332,n/a,n/a,n/a,n/a,684.334,n/a,n/a,n/a,n/a,0.8725,1.885,5.654,49.369,n/a,n/a,n/a,,High
mAb_2,0s,ELN66236_02_65_mAb_2_PROTEIN_ECD_0_20220613_173205,PROTEIN,1,16,AAAAAAAAPAAAAAAA,H,3,5.2,5.09-5.39,22,60,57-62,0.057,-0.004,4.92E+05,682.449,n/a,n/a,n/a,n/a,682.448,n/a,n/a,n/a,n/a,0.908,n/a,n/a,,n/a,n/a,n/a,,High
mAb_2,15.00s,ELN66236_02_16_mAb_2_PROTEIN_ECD_15_20220610_210102,PROTEIN,1,16,AAAAAAAAPAAAAAAA,H,3,5.2,5.09-5.39,22,60,57-62,0.047,0.002,5.04E+05,683.625,n/a,n/a,n/a,n/a,683.607,n/a,n/a,n/a,n/a,0.8557,1.159,3.477,30.361,n/a,n/a,n/a,,Medium
mAb_2,150.00s,ELN66236_02_18_mAb_2_PROTEIN_ECD_150_20220610_214348,PROTEIN,1,16,AAAAAAAAPAAAAAAA,H,3,5.2,5.09-5.39,22,60,57-62,0.051,0.003,2.62E+05,684.065,n/a,n/a,n/a,n/a,684.071,n/a,n/a,n/a,n/a,0.8724,1.623,4.87,42.519,n/a,n/a,n/a,,Medium
mAb_2,1500.00s,ELN66236_02_20_mAb_2_PROTEIN_ECD_1500_20220610_224546,PROTEIN,1,16,AAAAAAAAPAAAAAAA,H,3,5.2,5.09-5.39,22,60,57-62,0.056,0.002,1.69E+05,684.338,n/a,n/a,n/a,n/a,684.343,n/a,n/a,n/a,n/a,0.8735,1.894,5.683,49.624,n/a,n/a,n/a,,Medium
mAb_3,0s,ELN66236_02_64_mAb_3_PROTEIN_ECD_0_20220613_171016,PROTEIN,1,16,AAAAAAAAPAAAAAAA,H,3,5.2,5.06-5.36,21,60,57-62,0.054,0.002,6.34E+05,682.448,n/a,n/a,n/a,n/a,682.449,n/a,n/a,n/a,n/a,0.902,n/a,n/a,,n/a,n/a,n/a,,High
mAb_3,15.00s,ELN66236_02_28_mAb_3_PROTEIN_ECD_15_20220611_023911,PROTEIN,1,16,AAAAAAAAPAAAAAAA,H,3,5.2,5.07-5.35,21,60,57-62,0.046,0.002,8.62E+05,683.591,n/a,n/a,n/a,n/a,683.576,n/a,n/a,n/a,n/a,0.8735,1.127,3.38,29.516,n/a,n/a,n/a,,Medium
mAb_3,150.00s,ELN66236_02_30_mAb_3_PROTEIN_ECD_150_20220611_032243,PROTEIN,1,16,AAAAAAAAPAAAAAAA,H,3,5.2,5.07-5.35,21,60,57-62,0.042,0.001,4.49E+05,684.015,n/a,n/a,n/a,n/a,684.005,n/a,n/a,n/a,n/a,0.8131,1.556,4.668,40.758,n/a,n/a,n/a,,Medium
mAb_3,1500.00s,ELN66236_02_32_mAb_3_PROTEIN_ECD_1500_20220611_042454,PROTEIN,1,16,AAAAAAAAPAAAAAAA,H,3,5.2,5.07-5.35,21,60,57-62,0.046,0,2.77E+05,684.319,n/a,n/a,n/a,n/a,684.318,n/a,n/a,n/a,n/a,0.8359,1.869,5.607,48.954,n/a,n/a,n/a,,Medium
mAb_4,0s,ELN66236_02_68_mAb_4_PROTEIN_ECD_0_20220613_183721,PROTEIN,1,16,AAAAAAAAPAAAAAAA,H,3,5.2,5.01-5.27,20,60,59-63,0.047,0.003,1.14E+06,682.457,n/a,n/a,n/a,n/a,682.449,n/a,n/a,n/a,n/a,0.886,n/a,n/a,,n/a,n/a,n/a,,High
mAb_4,15.00s,ELN66236_02_53_mAb_4_PROTEIN_ECD_15_20220611_212338,PROTEIN,1,16,AAAAAAAAPAAAAAAA,H,3,5.2,5.01-5.27,20,60,59-63,0.041,0.002,1.08E+06,683.632,n/a,n/a,n/a,n/a,683.604,n/a,n/a,n/a,n/a,0.832,1.155,3.464,30.244,n/a,n/a,n/a,,Medium
mAb_4,150.00s,ELN66236_02_56_mAb_4_PROTEIN_ECD_150_20220611_222847,PROTEIN,1,16,AAAAAAAAPAAAAAAA,H,3,5.2,5.01-5.27,20,60,59-63,0.045,0.002,6.25E+05,684.022,n/a,n/a,n/a,n/a,684.017,n/a,n/a,n/a,n/a,0.8721,1.568,4.703,41.066,n/a,n/a,n/a,,High
mAb_4,1500.00s,ELN66236_02_59_mAb_4_PROTEIN_ECD_1500_20220611_235156,PROTEIN,1,16,AAAAAAAAPAAAAAAA,H,3,5.2,5.01-5.27,20,60,59-63,0.052,0,3.79E+05,684.32,n/a,n/a,n/a,n/a,684.343,n/a,n/a,n/a,n/a,0.8912,1.894,5.681,49.606,n/a,n/a,n/a,,High
mAb_5,0s,ELN66236_02_66_mAb_5_PROTEIN_ECD_0_20220613_175352,PROTEIN,1,16,AAAAAAAAPAAAAAAA,H,3,5.2,5.01-5.24,18,60,57-62,0.056,-0.001,6.83E+05,682.455,n/a,n/a,n/a,n/a,682.449,n/a,n/a,n/a,n/a,0.9037,n/a,n/a,,n/a,n/a,n/a,,High
mAb_5,15.00s,ELN66236_02_51_mAb_5_PROTEIN_ECD_15_20220611_203241,PROTEIN,1,16,AAAAAAAAPAAAAAAA,H,3,5.2,5.01-5.24,18,60,57-62,0.044,0.002,8.68E+05,683.545,n/a,n/a,n/a,n/a,683.514,n/a,n/a,n/a,n/a,0.8677,1.065,3.194,27.891,n/a,n/a,n/a,,High
mAb_5,150.00s,ELN66236_02_54_mAb_5_PROTEIN_ECD_150_20220611_214542,PROTEIN,1,16,AAAAAAAAPAAAAAAA,H,3,5.2,5.01-5.24,18,60,57-62,0.047,0.001,5.17E+05,683.994,n/a,n/a,n/a,n/a,683.983,n/a,n/a,n/a,n/a,0.8822,1.534,4.602,40.18,n/a,n/a,n/a,,High
mAb_5,1500.00s,ELN66236_02_57_mAb_5_PROTEIN_ECD_1500_20220611_230941,PROTEIN,1,16,AAAAAAAAPAAAAAAA,H,3,5.2,5.01-5.24,18,60,57-62,0.05,0,2.67E+05,684.232,n/a,n/a,n/a,n/a,684.229,n/a,n/a,n/a,n/a,0.8821,1.78,5.341,46.634,n/a,n/a,n/a,,High
mAb_6,0s,ELN66236_02_67_mAb_6_PROTEIN_ECD_0_20220613_181538,PROTEIN,1,16,AAAAAAAAPAAAAAAA,H,3,5.2,5.05-5.24,15,60,57-62,0.055,-0.001,2.28E+05,682.435,n/a,n/a,n/a,n/a,682.449,n/a,n/a,n/a,n/a,0.8917,n/a,n/a,,n/a,n/a,n/a,,High
mAb_6,15.00s,ELN66236_02_52_mAb_6_PROTEIN_ECD_15_20220611_210144,PROTEIN,1,16,AAAAAAAAPAAAAAAA,H,3,5.2,5.05-5.24,15,60,57-62,0.048,0.001,3.76E+05,683.58,n/a,n/a,n/a,n/a,683.562,n/a,n/a,n/a,n/a,0.8824,1.113,3.338,29.147,n/a,n/a,n/a,,High
mAb_6,150.00s,ELN66236_02_55_mAb_6_PROTEIN_ECD_150_20220611_220720,PROTEIN,1,16,AAAAAAAAPAAAAAAA,H,3,5.2,5.05-5.24,15,60,57-62,0.049,0,2.16E+05,684.045,n/a,n/a,n/a,n/a,684.05,n/a,n/a,n/a,n/a,0.8568,1.601,4.802,41.927,n/a,n/a,n/a,,High
mAb_6,1500.00s,ELN66236_02_58_mAb_6_PROTEIN_ECD_1500_20220611_233054,PROTEIN,1,16,AAAAAAAAPAAAAAAA,H,3,5.2,5.05-5.24,15,60,57-62,0.06,0,6.65E+04,684.237,n/a,n/a,n/a,n/a,684.263,n/a,n/a,n/a,n/a,0.8542,1.814,5.442,47.513,n/a,n/a,n/a,,Medium
apo_PROTEIN,0s,ELN66236_02_10_PROTEIN-ECD_apo_0_20220610_182354,PROTEIN,3,13,AAAAAAPAAAA,H,2,4.35,4.25-4.55,24,79,76-81,0.059,-0.004,6.70E+05,692.348,n/a,n/a,n/a,n/a,692.292,n/a,n/a,n/a,n/a,0.9039,n/a,n/a,,n/a,n/a,n/a,,High
apo_PROTEIN,15.00s,ELN66236_02_11_PROTEIN-ECD_apo_15_20220610_184553,PROTEIN,3,13,AAAAAAPAAAA,H,2,4.35,4.25-4.56,24,79,76-81,0.049,-0.006,2.95E+05,693.367,n/a,n/a,n/a,n/a,693.298,n/a,n/a,n/a,n/a,0.8544,1.006,2.013,28.555,n/a,n/a,n/a,,High
apo_PROTEIN,150.00s,ELN66236_02_12_PROTEIN-ECD_apo_150_20220610_191541,PROTEIN,3,13,AAAAAAPAAAA,H,2,4.35,4.25-4.56,24,79,76-81,0.053,-0.006,1.72E+05,693.723,n/a,n/a,n/a,n/a,693.656,n/a,n/a,n/a,n/a,0.847,1.364,2.728,38.711,n/a,n/a,n/a,,Medium
apo_PROTEIN,1500.00s,ELN66236_02_13_PROTEIN-ECD_apo_1500_20220610_195632,PROTEIN,3,13,AAAAAAPAAAA,H,2,4.35,4.25-4.56,24,79,76-81,0.057,0.002,1.02E+05,693.898,n/a,n/a,n/a,n/a,693.808,n/a,n/a,n/a,n/a,0.8477,1.516,3.032,43.017,n/a,n/a,n/a,,Medium
mAb_1,0s,ELN66236_02_63_mAb_1_PROTEIN_ECD_0_20220613_164825,PROTEIN,3,13,AAAAAAPAAAA,H,2,4.35,4.23-4.37,11,79,76-81,0.063,-0.005,1.40E+05,692.31,n/a,n/a,n/a,n/a,692.293,n/a,n/a,n/a,n/a,0.9201,n/a,n/a,,n/a,n/a,n/a,,High
mAb_1,15.00s,ELN66236_02_06_mAb_1_PROTEIN_ECD_15_20220610_163142,PROTEIN,3,13,AAAAAAPAAAA,H,2,4.35,4.23-4.37,11,79,76-81,0.052,-0.003,4.23E+05,693.315,n/a,n/a,n/a,n/a,693.275,n/a,n/a,n/a,n/a,0.8971,0.982,1.964,27.864,n/a,n/a,n/a,,High
mAb_1,150.00s,ELN66236_02_07_mAb_1_PROTEIN_ECD_150_20220610_165350,PROTEIN,3,13,AAAAAAPAAAA,H,2,4.35,4.23-4.37,11,79,76-81,0.052,-0.004,2.01E+05,693.722,n/a,n/a,n/a,n/a,693.698,n/a,n/a,n/a,n/a,0.8872,1.405,2.81,39.869,n/a,n/a,n/a,,High
mAb_1,1500.00s,ELN66236_02_09_mAb_1_PROTEIN_ECD_1500_20220610_175621,PROTEIN,3,13,AAAAAAPAAAA,H,2,4.35,4.23-4.37,11,79,76-81,0.055,-0.005,1.10E+05,693.959,n/a,n/a,n/a,n/a,693.919,n/a,n/a,n/a,n/a,0.8669,1.627,3.253,46.158,n/a,n/a,n/a,,Medium
mAb_2,0s,ELN66236_02_65_mAb_2_PROTEIN_ECD_0_20220613_173205,PROTEIN,3,13,AAAAAAPAAAA,H,2,4.35,4.22-4.40,14,79,76-81,0.058,-0.004,3.78E+05,692.306,n/a,n/a,n/a,n/a,692.293,n/a,n/a,n/a,n/a,0.9229,n/a,n/a,,n/a,n/a,n/a,,High
mAb_2,15.00s,ELN66236_02_16_mAb_2_PROTEIN_ECD_15_20220610_210102,PROTEIN,3,13,AAAAAAPAAAA,H,2,4.35,4.22-4.40,14,79,76-81,0.049,0.003,6.25E+05,693.429,n/a,n/a,n/a,n/a,693.397,n/a,n/a,n/a,n/a,0.8945,1.105,2.209,31.346,n/a,n/a,n/a,,High
mAb_2,150.00s,ELN66236_02_18_mAb_2_PROTEIN_ECD_150_20220610_214348,PROTEIN,3,13,AAAAAAPAAAA,H,2,4.35,4.22-4.40,14,79,76-81,0.05,0.002,2.43E+05,693.743,n/a,n/a,n/a,n/a,693.693,n/a,n/a,n/a,n/a,0.8732,1.4,2.801,39.735,n/a,n/a,n/a,,High
mAb_2,1500.00s,ELN66236_02_20_mAb_2_PROTEIN_ECD_1500_20220610_224546,PROTEIN,3,13,AAAAAAPAAAA,H,2,4.35,4.22-4.40,14,79,76-81,0.058,0.002,1.72E+05,693.99,n/a,n/a,n/a,n/a,693.959,n/a,n/a,n/a,n/a,0.8753,1.666,3.333,47.289,n/a,n/a,n/a,,Medium
mAb_3,0s,ELN66236_02_64_mAb_3_PROTEIN_ECD_0_20220613_171016,PROTEIN,3,13,AAAAAAPAAAA,H,2,4.35,4.17-4.42,20,79,78-82,0.05,0.002,5.84E+05,692.304,n/a,n/a,n/a,n/a,692.293,n/a,n/a,n/a,n/a,0.9098,n/a,n/a,,n/a,n/a,n/a,,High
mAb_3,15.00s,ELN66236_02_28_mAb_3_PROTEIN_ECD_15_20220611_023911,PROTEIN,3,13,AAAAAAPAAAA,H,2,4.35,4.17-4.42,20,79,78-82,0.048,0.002,7.75E+05,693.383,n/a,n/a,n/a,n/a,693.362,n/a,n/a,n/a,n/a,0.8922,1.07,2.139,30.352,n/a,n/a,n/a,,High
mAb_3,150.00s,ELN66236_02_30_mAb_3_PROTEIN_ECD_150_20220611_032243,PROTEIN,3,13,AAAAAAPAAAA,H,2,4.35,4.17-4.42,20,79,78-82,0.051,0.001,4.26E+05,693.676,n/a,n/a,n/a,n/a,693.649,n/a,n/a,n/a,n/a,0.9027,1.356,2.712,38.485,n/a,n/a,n/a,,High
mAb_3,1500.00s,ELN66236_02_32_mAb_3_PROTEIN_ECD_1500_20220611_042454,PROTEIN,3,13,AAAAAAPAAAA,H,2,4.35,4.17-4.42,20,79,78-82,0.056,-0.001,2.60E+05,693.973,n/a,n/a,n/a,n/a,693.956,n/a,n/a,n/a,n/a,0.8977,1.663,3.327,47.2,n/a,n/a,n/a,,High
mAb_4,0s,ELN66236_02_68_mAb_4_PROTEIN_ECD_0_20220613_183721,PROTEIN,3,13,AAAAAAPAAAA,H,2,4.35,4.22-4.40,14,79,79-83,0.049,0.002,6.48E+05,692.295,n/a,n/a,n/a,n/a,692.293,n/a,n/a,n/a,n/a,0.9074,n/a,n/a,,n/a,n/a,n/a,,High
mAb_4,15.00s,ELN66236_02_53_mAb_4_PROTEIN_ECD_15_20220611_212338,PROTEIN,3,13,AAAAAAPAAAA,H,2,4.35,4.22-4.40,14,79,79-83,0.049,0.002,5.57E+05,693.406,n/a,n/a,n/a,n/a,693.392,n/a,n/a,n/a,n/a,0.9045,1.099,2.197,31.175,n/a,n/a,n/a,,High
mAb_4,150.00s,ELN66236_02_56_mAb_4_PROTEIN_ECD_150_20220611_222847,PROTEIN,3,13,AAAAAAPAAAA,H,2,4.35,4.22-4.40,14,79,79-83,0.05,0.002,3.37E+05,693.657,n/a,n/a,n/a,n/a,693.647,n/a,n/a,n/a,n/a,0.9027,1.355,2.709,38.438,n/a,n/a,n/a,,High
mAb_4,1500.00s,ELN66236_02_59_mAb_4_PROTEIN_ECD_1500_20220611_235156,PROTEIN,3,13,AAAAAAPAAAA,H,2,4.35,4.22-4.40,14,79,79-83,0.055,0,1.98E+05,693.958,n/a,n/a,n/a,n/a,693.939,n/a,n/a,n/a,n/a,0.9134,1.647,3.293,46.723,n/a,n/a,n/a,,High
mAb_5,0s,ELN66236_02_66_mAb_5_PROTEIN_ECD_0_20220613_175352,PROTEIN,3,13,AAAAAAPAAAA,H,2,4.35,4.22-4.40,14,79,76-81,0.059,-0.002,3.53E+05,692.309,n/a,n/a,n/a,n/a,692.293,n/a,n/a,n/a,n/a,0.9239,n/a,n/a,,n/a,n/a,n/a,,High
mAb_5,15.00s,ELN66236_02_51_mAb_5_PROTEIN_ECD_15_20220611_203241,PROTEIN,3,13,AAAAAAPAAAA,H,2,4.35,4.22-4.40,14,79,76-81,0.046,0.002,4.33E+05,693.329,n/a,n/a,n/a,n/a,693.301,n/a,n/a,n/a,n/a,0.8717,1.008,2.016,28.606,n/a,n/a,n/a,,High
mAb_5,150.00s,ELN66236_02_54_mAb_5_PROTEIN_ECD_150_20220611_214542,PROTEIN,3,13,AAAAAAPAAAA,H,2,4.35,4.22-4.40,14,79,76-81,0.053,0,2.39E+05,693.645,n/a,n/a,n/a,n/a,693.602,n/a,n/a,n/a,n/a,0.8923,1.31,2.619,37.161,n/a,n/a,n/a,,High
mAb_5,1500.00s,ELN66236_02_57_mAb_5_PROTEIN_ECD_1500_20220611_230941,PROTEIN,3,13,AAAAAAPAAAA,H,2,4.35,4.22-4.40,14,79,76-81,0.056,0,1.15E+05,693.867,n/a,n/a,n/a,n/a,693.819,n/a,n/a,n/a,n/a,0.8772,1.526,3.053,43.313,n/a,n/a,n/a,,High
mAb_6,0s,ELN66236_02_67_mAb_6_PROTEIN_ECD_0_20220613_181538,PROTEIN,3,13,AAAAAAPAAAA,H,2,4.35,4.25-4.36,9,79,76-81,0.062,-0.001,1.22E+05,692.304,n/a,n/a,n/a,n/a,692.293,n/a,n/a,n/a,n/a,0.9081,n/a,n/a,,n/a,n/a,n/a,,High
mAb_6,15.00s,ELN66236_02_52_mAb_6_PROTEIN_ECD_15_20220611_210144,PROTEIN,3,13,AAAAAAPAAAA,H,2,4.35,4.25-4.36,9,79,76-81,0.053,0.001,1.77E+05,693.375,n/a,n/a,n/a,n/a,693.344,n/a,n/a,n/a,n/a,0.9007,1.051,2.103,29.834,n/a,n/a,n/a,,High
mAb_6,150.00s,ELN66236_02_55_mAb_6_PROTEIN_ECD_150_20220611_220720,PROTEIN,3,13,AAAAAAPAAAA,H,2,4.35,4.25-4.36,9,79,76-81,0.053,0,9.87E+04,693.7,n/a,n/a,n/a,n/a,693.659,n/a,n/a,n/a,n/a,0.8785,1.367,2.733,38.779,n/a,n/a,n/a,,High
mAb_6,1500.00s,ELN66236_02_58_mAb_6_PROTEIN_ECD_1500_20220611_233054,PROTEIN,3,13,AAAAAAPAAAA,H,2,4.35,4.25-4.36,9,79,76-81,0.066,0.001,3.44E+04,693.896,n/a,n/a,n/a,n/a,693.846,n/a,n/a,n/a,n/a,0.8589,1.553,3.105,44.062,n/a,n/a,n/a,,Medium
apo_PROTEIN,0s,ELN66236_02_10_PROTEIN-ECD_apo_0_20220610_182354,PROTEIN,3,16,AAAAAAPAAAAAAA,H,3,4.26,4.21-4.32,9,55,54-58,0.046,-0.003,5.05E+05,576.033,n/a,n/a,n/a,n/a,575.996,n/a,n/a,n/a,n/a,0.8624,n/a,n/a,,n/a,n/a,n/a,,High
apo_PROTEIN,15.00s,ELN66236_02_11_PROTEIN-ECD_apo_15_20220610_184553,PROTEIN,3,16,AAAAAAPAAAAAAA,H,3,4.26,4.21-4.32,9,55,54-58,0.046,-0.005,2.65E+05,577.067,n/a,n/a,n/a,n/a,577.047,n/a,n/a,n/a,n/a,0.8994,1.051,3.154,32.547,n/a,n/a,n/a,,High
apo_PROTEIN,150.00s,ELN66236_02_12_PROTEIN-ECD_apo_150_20220610_191541,PROTEIN,3,16,AAAAAAPAAAAAAA,H,3,4.26,4.21-4.32,9,55,54-58,0.049,-0.005,1.55E+05,577.46,n/a,n/a,n/a,n/a,577.467,n/a,n/a,n/a,n/a,0.8913,1.471,4.413,45.537,n/a,n/a,n/a,,Medium
apo_PROTEIN,1500.00s,ELN66236_02_13_PROTEIN-ECD_apo_1500_20220610_195632,PROTEIN,3,16,AAAAAAPAAAAAAA,H,3,4.26,4.21-4.32,9,55,54-58,0.045,0.001,1.12E+05,577.601,n/a,n/a,n/a,n/a,577.61,n/a,n/a,n/a,n/a,0.8742,1.614,4.843,49.969,n/a,n/a,n/a,,High
mAb_1,0s,ELN66236_02_63_mAb_1_PROTEIN_ECD_0_20220613_164825,PROTEIN,3,16,AAAAAAPAAAAAAA,H,3,4.26,4.18-4.48,23,55,52-57,0.051,-0.003,2.72E+05,576.015,n/a,n/a,n/a,n/a,575.995,n/a,n/a,n/a,n/a,0.9014,n/a,n/a,,n/a,n/a,n/a,,High
mAb_1,15.00s,ELN66236_02_06_mAb_1_PROTEIN_ECD_15_20220610_163142,PROTEIN,3,16,AAAAAAPAAAAAAA,H,3,4.26,4.18-4.48,23,55,52-57,0.047,-0.003,5.45E+05,577.04,n/a,n/a,n/a,n/a,577.012,n/a,n/a,n/a,n/a,0.8818,1.017,3.052,31.495,n/a,n/a,n/a,,Medium
mAb_1,150.00s,ELN66236_02_07_mAb_1_PROTEIN_ECD_150_20220610_165350,PROTEIN,3,16,AAAAAAPAAAAAAA,H,3,4.26,4.18-4.48,23,55,52-57,0.047,-0.003,2.92E+05,577.49,n/a,n/a,n/a,n/a,577.476,n/a,n/a,n/a,n/a,0.8817,1.481,4.443,45.848,n/a,n/a,n/a,,High
mAb_1,1500.00s,ELN66236_02_09_mAb_1_PROTEIN_ECD_1500_20220610_175621,PROTEIN,3,16,AAAAAAPAAAAAAA,H,3,4.26,4.18-4.48,23,55,52-57,0.051,-0.005,1.81E+05,577.689,n/a,n/a,n/a,n/a,577.689,n/a,n/a,n/a,n/a,0.8735,1.694,5.082,52.436,n/a,n/a,n/a,,Medium
mAb_2,0s,ELN66236_02_65_mAb_2_PROTEIN_ECD_0_20220613_173205,PROTEIN,3,16,AAAAAAPAAAAAAA,H,3,4.26,4.11-4.30,15,55,54-58,0.045,-0.002,6.91E+05,576.028,n/a,n/a,n/a,n/a,575.996,n/a,n/a,n/a,n/a,0.8655,n/a,n/a,,n/a,n/a,n/a,,High
mAb_2,15.00s,ELN66236_02_16_mAb_2_PROTEIN_ECD_15_20220610_210102,PROTEIN,3,16,AAAAAAPAAAAAAA,H,3,4.26,4.11-4.30,15,55,54-58,0.046,0.002,9.97E+05,577.171,n/a,n/a,n/a,n/a,577.157,n/a,n/a,n/a,n/a,0.8746,1.161,3.484,35.955,n/a,n/a,n/a,,High
mAb_2,150.00s,ELN66236_02_18_mAb_2_PROTEIN_ECD_150_20220610_214348,PROTEIN,3,16,AAAAAAPAAAAAAA,H,3,4.26,4.11-4.30,15,55,54-58,0.044,0.002,5.08E+05,577.497,n/a,n/a,n/a,n/a,577.485,n/a,n/a,n/a,n/a,0.8926,1.489,4.467,46.095,n/a,n/a,n/a,,Medium
mAb_2,1500.00s,ELN66236_02_20_mAb_2_PROTEIN_ECD_1500_20220610_224546,PROTEIN,3,16,AAAAAAPAAAAAAA,H,3,4.26,4.11-4.30,15,55,54-58,0.042,0.001,3.57E+05,577.721,n/a,n/a,n/a,n/a,577.71,n/a,n/a,n/a,n/a,0.8858,1.715,5.144,53.079,n/a,n/a,n/a,,Medium
mAb_3,0s,ELN66236_02_64_mAb_3_PROTEIN_ECD_0_20220613_171016,PROTEIN,3,16,AAAAAAPAAAAAAA,H,3,4.26,4.17-4.47,23,55,54-58,0.046,0.003,7.17E+05,576.027,n/a,n/a,n/a,n/a,575.995,n/a,n/a,n/a,n/a,0.879,n/a,n/a,,n/a,n/a,n/a,,High
mAb_3,15.00s,ELN66236_02_28_mAb_3_PROTEIN_ECD_15_20220611_023911,PROTEIN,3,16,AAAAAAPAAAAAAA,H,3,4.26,4.17-4.47,23,55,54-58,0.045,0.001,1.01E+06,577.111,n/a,n/a,n/a,n/a,577.098,n/a,n/a,n/a,n/a,0.8854,1.102,3.307,34.123,n/a,n/a,n/a,,High
mAb_3,150.00s,ELN66236_02_30_mAb_3_PROTEIN_ECD_150_20220611_032243,PROTEIN,3,16,AAAAAAPAAAAAAA,H,3,4.26,4.17-4.47,23,55,54-58,0.044,0,5.52E+05,577.449,n/a,n/a,n/a,n/a,577.425,n/a,n/a,n/a,n/a,0.882,1.43,4.29,44.269,n/a,n/a,n/a,,Medium
mAb_3,1500.00s,ELN66236_02_32_mAb_3_PROTEIN_ECD_1500_20220611_042454,PROTEIN,3,16,AAAAAAPAAAAAAA,H,3,4.26,4.17-4.47,23,55,54-58,0.04,-0.001,3.91E+05,577.691,n/a,n/a,n/a,n/a,577.693,n/a,n/a,n/a,n/a,0.8606,1.698,5.094,52.565,n/a,n/a,n/a,,High
mAb_4,0s,ELN66236_02_68_mAb_4_PROTEIN_ECD_0_20220613_183721,PROTEIN,3,16,AAAAAAPAAAAAAA,H,3,4.26,4.17-4.48,24,55,54-58,0.046,0.003,8.94E+05,576.031,n/a,n/a,n/a,n/a,575.996,n/a,n/a,n/a,n/a,0.8707,n/a,n/a,,n/a,n/a,n/a,,High
mAb_4,15.00s,ELN66236_02_53_mAb_4_PROTEIN_ECD_15_20220611_212338,PROTEIN,3,16,AAAAAAPAAAAAAA,H,3,4.26,4.17-4.48,24,55,54-58,0.045,0.002,7.75E+05,577.15,n/a,n/a,n/a,n/a,577.146,n/a,n/a,n/a,n/a,0.8833,1.15,3.451,35.609,n/a,n/a,n/a,,Medium
mAb_4,150.00s,ELN66236_02_56_mAb_4_PROTEIN_ECD_150_20220611_222847,PROTEIN,3,16,AAAAAAPAAAAAAA,H,3,4.26,4.17-4.48,24,55,54-58,0.044,0.001,5.01E+05,577.454,n/a,n/a,n/a,n/a,577.438,n/a,n/a,n/a,n/a,0.8887,1.442,4.327,44.65,n/a,n/a,n/a,,Medium
mAb_4,1500.00s,ELN66236_02_59_mAb_4_PROTEIN_ECD_1500_20220611_235156,PROTEIN,3,16,AAAAAAPAAAAAAA,H,3,4.26,4.17-4.48,24,55,54-58,0.04,0,3.67E+05,577.699,n/a,n/a,n/a,n/a,577.696,n/a,n/a,n/a,n/a,0.8451,1.701,5.102,52.646,n/a,n/a,n/a,,Medium
mAb_5,0s,ELN66236_02_66_mAb_5_PROTEIN_ECD_0_20220613_175352,PROTEIN,3,16,AAAAAAPAAAAAAA,H,3,4.26,4.11-4.32,16,55,54-58,0.046,0,7.09E+05,576.026,n/a,n/a,n/a,n/a,575.996,n/a,n/a,n/a,n/a,0.8638,n/a,n/a,,n/a,n/a,n/a,,High
mAb_5,15.00s,ELN66236_02_51_mAb_5_PROTEIN_ECD_15_20220611_203241,PROTEIN,3,16,AAAAAAPAAAAAAA,H,3,4.26,4.11-4.32,16,55,54-58,0.045,0.002,7.62E+05,577.071,n/a,n/a,n/a,n/a,577.067,n/a,n/a,n/a,n/a,0.8786,1.071,3.214,33.168,n/a,n/a,n/a,,High
mAb_5,150.00s,ELN66236_02_54_mAb_5_PROTEIN_ECD_150_20220611_214542,PROTEIN,3,16,AAAAAAPAAAAAAA,H,3,4.26,4.11-4.32,16,55,54-58,0.042,0,5.83E+05,577.421,n/a,n/a,n/a,n/a,577.416,n/a,n/a,n/a,n/a,0.8877,1.421,4.262,43.977,n/a,n/a,n/a,,Medium
mAb_5,1500.00s,ELN66236_02_57_mAb_5_PROTEIN_ECD_1500_20220611_230941,PROTEIN,3,16,AAAAAAPAAAAAAA,H,3,4.26,4.11-4.32,16,55,54-58,0.037,-0.001,3.61E+05,577.603,n/a,n/a,n/a,n/a,577.609,n/a,n/a,n/a,n/a,0.8339,1.613,4.84,49.94,n/a,n/a,n/a,,Medium
mAb_6,0s,ELN66236_02_67_mAb_6_PROTEIN_ECD_0_20220613_181538,PROTEIN,3,16,AAAAAAPAAAAAAA,H,3,4.26,4.17-4.47,24,55,52-57,0.053,0,2.62E+05,576.027,n/a,n/a,n/a,n/a,575.995,n/a,n/a,n/a,n/a,0.9051,n/a,n/a,,n/a,n/a,n/a,,High
mAb_6,15.00s,ELN66236_02_52_mAb_6_PROTEIN_ECD_15_20220611_210144,PROTEIN,3,16,AAAAAAPAAAAAAA,H,3,4.26,4.17-4.48,24,55,52-57,0.045,0.001,4.44E+05,577.116,n/a,n/a,n/a,n/a,577.079,n/a,n/a,n/a,n/a,0.8838,1.083,3.25,33.535,n/a,n/a,n/a,,Medium
mAb_6,150.00s,ELN66236_02_55_mAb_6_PROTEIN_ECD_150_20220611_220720,PROTEIN,3,16,AAAAAAPAAAAAAA,H,3,4.26,4.17-4.48,24,55,52-57,0.041,0,2.52E+05,577.494,n/a,n/a,n/a,n/a,577.469,n/a,n/a,n/a,n/a,0.8366,1.474,4.422,45.627,n/a,n/a,n/a,,Medium
mAb_6,1500.00s,ELN66236_02_58_mAb_6_PROTEIN_ECD_1500_20220611_233054,PROTEIN,3,16,AAAAAAPAAAAAAA,H,3,4.26,4.17-4.48,24,55,52-57,0.044,-0.001,1.06E+05,577.65,n/a,n/a,n/a,n/a,577.622,n/a,n/a,n/a,n/a,0.7996,1.627,4.881,50.37,n/a,n/a,n/a,,Medium
apo_PROTEIN,0s,ELN66236_02_10_PROTEIN-ECD_apo_0_20220610_182354,PROTEIN,4,13,AAAAAPAAAA,H,2,3.81,3.87-3.97,9,65,65-69,0.047,-0.005,6.29E+05,618.77,n/a,n/a,n/a,n/a,618.705,n/a,n/a,n/a,n/a,0.817,n/a,n/a,,n/a,n/a,n/a,,Medium
apo_PROTEIN,15.00s,ELN66236_02_11_PROTEIN-ECD_apo_15_20220610_184553,PROTEIN,4,13,AAAAAPAAAA,H,2,3.81,3.87-3.97,9,65,65-69,0.05,-0.007,2.81E+05,619.607,n/a,n/a,n/a,n/a,619.56,n/a,n/a,n/a,n/a,0.8615,0.855,1.709,27.719,n/a,n/a,n/a,,Medium
apo_PROTEIN,150.00s,ELN66236_02_12_PROTEIN-ECD_apo_150_20220610_191541,PROTEIN,4,13,AAAAAPAAAA,H,2,3.81,3.87-3.97,9,65,65-69,0.052,-0.007,1.78E+05,619.9,n/a,n/a,n/a,n/a,619.865,n/a,n/a,n/a,n/a,0.8658,1.16,2.319,37.61,n/a,n/a,n/a,,Medium
apo_PROTEIN,1500.00s,ELN66236_02_13_PROTEIN-ECD_apo_1500_20220610_195632,PROTEIN,4,13,AAAAAPAAAA,H,2,3.81,3.87-3.97,9,65,65-69,0.053,0.001,1.17E+05,620.061,n/a,n/a,n/a,n/a,620.022,n/a,n/a,n/a,n/a,0.8621,1.316,2.632,42.687,n/a,n/a,n/a,,Medium
mAb_1,0s,ELN66236_02_63_mAb_1_PROTEIN_ECD_0_20220613_164825,PROTEIN,4,13,AAAAAPAAAA,H,2,3.81,3.70-3.84,11,65,65-69,0.047,-0.002,7.35E+05,618.761,n/a,n/a,n/a,n/a,618.706,n/a,n/a,n/a,n/a,0.862,n/a,n/a,,n/a,n/a,n/a,,High
mAb_1,15.00s,ELN66236_02_06_mAb_1_PROTEIN_ECD_15_20220610_163142,PROTEIN,4,13,AAAAAPAAAA,H,2,3.81,3.70-3.84,11,65,65-69,0.047,0.001,1.34E+06,619.664,n/a,n/a,n/a,n/a,619.674,n/a,n/a,n/a,n/a,0.8194,0.969,1.937,31.414,n/a,n/a,n/a,,Medium
mAb_1,150.00s,ELN66236_02_07_mAb_1_PROTEIN_ECD_150_20220610_165350,PROTEIN,4,13,AAAAAPAAAA,H,2,3.81,3.70-3.84,11,65,65-69,0.044,-0.001,9.69E+05,620.016,n/a,n/a,n/a,n/a,620.006,n/a,n/a,n/a,n/a,0.8626,1.301,2.601,42.179,n/a,n/a,n/a,,High
mAb_1,1500.00s,ELN66236_02_09_mAb_1_PROTEIN_ECD_1500_20220610_175621,PROTEIN,4,13,AAAAAPAAAA,H,2,3.81,3.70-3.84,11,65,65-69,0.043,-0.004,6.91E+05,620.197,n/a,n/a,n/a,n/a,620.166,n/a,n/a,n/a,n/a,0.8814,1.46,2.92,47.343,n/a,n/a,n/a,,High
mAb_2,0s,ELN66236_02_65_mAb_2_PROTEIN_ECD_0_20220613_173205,PROTEIN,4,13,AAAAAPAAAA,H,2,3.81,3.70-3.89,15,65,65-69,0.047,-0.002,1.33E+06,618.794,n/a,n/a,n/a,n/a,618.705,n/a,n/a,n/a,n/a,0.8132,n/a,n/a,,n/a,n/a,n/a,,Medium
mAb_2,15.00s,ELN66236_02_16_mAb_2_PROTEIN_ECD_15_20220610_210102,PROTEIN,4,13,AAAAAPAAAA,H,2,3.81,3.70-3.89,15,65,65-69,0.046,0.005,1.63E+06,619.744,n/a,n/a,n/a,n/a,619.712,n/a,n/a,n/a,n/a,0.8341,1.007,2.013,32.646,n/a,n/a,n/a,,Medium
mAb_2,150.00s,ELN66236_02_18_mAb_2_PROTEIN_ECD_150_20220610_214348,PROTEIN,4,13,AAAAAPAAAA,H,2,3.81,3.70-3.89,15,65,65-69,0.046,0.004,1.12E+06,620.016,n/a,n/a,n/a,n/a,619.979,n/a,n/a,n/a,n/a,0.8734,1.273,2.547,41.296,n/a,n/a,n/a,,Medium
mAb_2,1500.00s,ELN66236_02_20_mAb_2_PROTEIN_ECD_1500_20220610_224546,PROTEIN,4,13,AAAAAPAAAA,H,2,3.81,3.70-3.89,15,65,65-69,0.044,0.003,8.75E+05,620.231,n/a,n/a,n/a,n/a,620.213,n/a,n/a,n/a,n/a,0.885,1.507,3.014,48.88,n/a,n/a,n/a,,Medium
mAb_3,0s,ELN66236_02_64_mAb_3_PROTEIN_ECD_0_20220613_171016,PROTEIN,4,13,AAAAAPAAAA,H,2,3.81,3.70-3.91,16,65,65-69,0.046,0.004,1.51E+06,618.792,n/a,n/a,n/a,n/a,618.705,n/a,n/a,n/a,n/a,0.8043,n/a,n/a,,n/a,n/a,n/a,,Medium
mAb_3,15.00s,ELN66236_02_28_mAb_3_PROTEIN_ECD_15_20220611_023911,PROTEIN,4,13,AAAAAPAAAA,H,2,3.81,3.70-3.91,16,65,65-69,0.047,0.004,1.61E+06,619.73,n/a,n/a,n/a,n/a,619.724,n/a,n/a,n/a,n/a,0.8448,1.018,2.037,33.025,n/a,n/a,n/a,,Medium
mAb_3,150.00s,ELN66236_02_30_mAb_3_PROTEIN_ECD_150_20220611_032243,PROTEIN,4,13,AAAAAPAAAA,H,2,3.81,3.70-3.91,16,65,65-69,0.048,0.003,1.22E+06,619.974,n/a,n/a,n/a,n/a,619.961,n/a,n/a,n/a,n/a,0.8581,1.256,2.512,40.729,n/a,n/a,n/a,,Medium
mAb_3,1500.00s,ELN66236_02_32_mAb_3_PROTEIN_ECD_1500_20220611_042454,PROTEIN,4,13,AAAAAPAAAA,H,2,3.81,3.70-3.91,16,65,65-69,0.049,0.001,8.38E+05,620.232,n/a,n/a,n/a,n/a,620.235,n/a,n/a,n/a,n/a,0.8688,1.53,3.06,49.618,n/a,n/a,n/a,,Medium
mAb_4,0s,ELN66236_02_68_mAb_4_PROTEIN_ECD_0_20220613_183721,PROTEIN,4,13,AAAAAPAAAA,H,2,3.81,3.80-3.91,9,65,64-68,0.045,0.004,8.86E+05,618.794,n/a,n/a,n/a,n/a,618.705,n/a,n/a,n/a,n/a,0.7947,n/a,n/a,,n/a,n/a,n/a,,Medium
mAb_4,15.00s,ELN66236_02_53_mAb_4_PROTEIN_ECD_15_20220611_212338,PROTEIN,4,13,AAAAAPAAAA,H,2,3.81,3.80-3.91,9,65,64-68,0.046,0.003,7.17E+05,619.723,n/a,n/a,n/a,n/a,619.695,n/a,n/a,n/a,n/a,0.864,0.989,1.979,32.083,n/a,n/a,n/a,,Medium
mAb_4,150.00s,ELN66236_02_56_mAb_4_PROTEIN_ECD_150_20220611_222847,PROTEIN,4,13,AAAAAPAAAA,H,2,3.81,3.80-3.91,9,65,64-68,0.045,0.002,5.54E+05,619.964,n/a,n/a,n/a,n/a,619.915,n/a,n/a,n/a,n/a,0.8804,1.209,2.419,39.224,n/a,n/a,n/a,,Medium
mAb_4,1500.00s,ELN66236_02_59_mAb_4_PROTEIN_ECD_1500_20220611_235156,PROTEIN,4,13,AAAAAPAAAA,H,2,3.81,3.80-3.91,9,65,64-68,0.048,0,3.33E+05,620.216,n/a,n/a,n/a,n/a,620.2,n/a,n/a,n/a,n/a,0.8839,1.494,2.988,48.458,n/a,n/a,n/a,,Medium
mAb_5,0s,ELN66236_02_66_mAb_5_PROTEIN_ECD_0_20220613_175352,PROTEIN,4,13,AAAAAPAAAA,H,2,3.81,3.69-3.88,15,65,64-68,0.048,0.001,1.21E+06,618.816,n/a,n/a,n/a,n/a,618.705,n/a,n/a,n/a,n/a,0.7971,n/a,n/a,,n/a,n/a,n/a,,Medium
mAb_5,15.00s,ELN66236_02_51_mAb_5_PROTEIN_ECD_15_20220611_203241,PROTEIN,4,13,AAAAAPAAAA,H,2,3.81,3.69-3.88,15,65,64-68,0.044,0.004,1.31E+06,619.664,n/a,n/a,n/a,n/a,619.658,n/a,n/a,n/a,n/a,0.8445,0.952,1.905,30.885,n/a,n/a,n/a,,Medium
mAb_5,150.00s,ELN66236_02_54_mAb_5_PROTEIN_ECD_150_20220611_214542,PROTEIN,4,13,AAAAAPAAAA,H,2,3.81,3.69-3.88,15,65,64-68,0.045,0.002,9.45E+05,619.944,n/a,n/a,n/a,n/a,619.908,n/a,n/a,n/a,n/a,0.864,1.203,2.405,38.999,n/a,n/a,n/a,,Medium
mAb_5,1500.00s,ELN66236_02_57_mAb_5_PROTEIN_ECD_1500_20220611_230941,PROTEIN,4,13,AAAAAPAAAA,H,2,3.81,3.69-3.88,15,65,64-68,0.046,0,5.68E+05,620.119,n/a,n/a,n/a,n/a,620.116,n/a,n/a,n/a,n/a,0.8837,1.41,2.821,45.737,n/a,n/a,n/a,,Medium
mAb_6,0s,ELN66236_02_67_mAb_6_PROTEIN_ECD_0_20220613_181538,PROTEIN,4,13,AAAAAPAAAA,H,2,3.81,3.73-3.84,9,65,65-69,0.045,0.001,5.99E+05,618.747,n/a,n/a,n/a,n/a,618.706,n/a,n/a,n/a,n/a,0.878,n/a,n/a,,n/a,n/a,n/a,,High
mAb_6,15.00s,ELN66236_02_52_mAb_6_PROTEIN_ECD_15_20220611_210144,PROTEIN,4,13,AAAAAPAAAA,H,2,3.81,3.73-3.84,9,65,65-69,0.046,0.003,7.50E+05,619.687,n/a,n/a,n/a,n/a,619.695,n/a,n/a,n/a,n/a,0.8534,0.99,1.979,32.092,n/a,n/a,n/a,,High
mAb_6,150.00s,ELN66236_02_55_mAb_6_PROTEIN_ECD_150_20220611_220720,PROTEIN,4,13,AAAAAPAAAA,H,2,3.81,3.73-3.84,9,65,65-69,0.044,0.001,5.29E+05,619.974,n/a,n/a,n/a,n/a,619.963,n/a,n/a,n/a,n/a,0.8902,1.258,2.515,40.784,n/a,n/a,n/a,,High
mAb_6,1500.00s,ELN66236_02_58_mAb_6_PROTEIN_ECD_1500_20220611_233054,PROTEIN,4,13,AAAAAPAAAA,H,2,3.81,3.73-3.84,9,65,65-69,0.047,0,2.54E+05,620.122,n/a,n/a,n/a,n/a,620.108,n/a,n/a,n/a,n/a,0.907,1.402,2.805,45.479,n/a,n/a,n/a,,High
apo_PROTEIN,0s,ELN66236_02_10_PROTEIN-ECD_apo_0_20220610_182354,PROTEIN,4,16,AAAAAPAAAAAAA,H,2,3.82,3.84-3.97,11,87,86-90,0.055,-0.003,7.15E+05,789.985,n/a,n/a,n/a,n/a,789.903,n/a,n/a,n/a,n/a,0.851,n/a,n/a,,n/a,n/a,n/a,,High
apo_PROTEIN,15.00s,ELN66236_02_11_PROTEIN-ECD_apo_15_20220610_184553,PROTEIN,4,16,AAAAAPAAAAAAA,H,2,3.82,3.84-3.97,11,87,86-90,0.053,-0.005,3.65E+05,791.446,n/a,n/a,n/a,n/a,791.412,n/a,n/a,n/a,n/a,0.8935,1.509,3.018,34.256,n/a,n/a,n/a,,High
apo_PROTEIN,150.00s,ELN66236_02_12_PROTEIN-ECD_apo_150_20220610_191541,PROTEIN,4,16,AAAAAPAAAAAAA,H,2,3.82,3.84-3.97,11,87,86-90,0.055,-0.006,2.12E+05,792.019,n/a,n/a,n/a,n/a,792.004,n/a,n/a,n/a,n/a,0.8824,2.101,4.201,47.689,n/a,n/a,n/a,,High
apo_PROTEIN,1500.00s,ELN66236_02_13_PROTEIN-ECD_apo_1500_20220610_195632,PROTEIN,4,16,AAAAAPAAAAAAA,H,2,3.82,3.84-3.97,11,87,86-90,0.062,0.004,1.39E+05,792.191,n/a,n/a,n/a,n/a,792.195,n/a,n/a,n/a,n/a,0.8848,2.292,4.585,52.042,n/a,n/a,n/a,,High
mAb_1,0s,ELN66236_02_63_mAb_1_PROTEIN_ECD_0_20220613_164825,PROTEIN,4,16,AAAAAPAAAAAAA,H,2,3.82,3.72-3.99,21,87,87-91,0.055,-0.004,6.82E+05,789.919,n/a,n/a,n/a,n/a,789.903,n/a,n/a,n/a,n/a,0.9044,n/a,n/a,,n/a,n/a,n/a,,High
mAb_1,15.00s,ELN66236_02_06_mAb_1_PROTEIN_ECD_15_20220610_163142,PROTEIN,4,16,AAAAAPAAAAAAA,H,2,3.82,3.72-3.99,21,87,87-91,0.06,-0.001,1.39E+06,791.442,n/a,n/a,n/a,n/a,791.466,n/a,n/a,n/a,n/a,0.8417,1.563,3.126,35.478,n/a,n/a,n/a,,Medium
mAb_1,150.00s,ELN66236_02_07_mAb_1_PROTEIN_ECD_150_20220610_165350,PROTEIN,4,16,AAAAAPAAAAAAA,H,2,3.82,3.72-3.99,21,87,87-91,0.052,-0.003,9.07E+05,792.073,n/a,n/a,n/a,n/a,792.055,n/a,n/a,n/a,n/a,0.8936,2.152,4.304,48.853,n/a,n/a,n/a,,High
mAb_1,1500.00s,ELN66236_02_09_mAb_1_PROTEIN_ECD_1500_20220610_175621,PROTEIN,4,16,AAAAAPAAAAAAA,H,2,3.82,3.72-3.99,21,87,87-91,0.051,-0.005,6.15E+05,792.329,n/a,n/a,n/a,n/a,792.34,n/a,n/a,n/a,n/a,0.8782,2.437,4.873,55.317,n/a,n/a,n/a,,High
mAb_2,0s,ELN66236_02_65_mAb_2_PROTEIN_ECD_0_20220613_173205,PROTEIN,4,16,AAAAAPAAAAAAA,H,2,3.82,3.72-4.02,22,87,86-90,0.055,-0.003,1.20E+06,789.952,n/a,n/a,n/a,n/a,789.903,n/a,n/a,n/a,n/a,0.8754,n/a,n/a,,n/a,n/a,n/a,,High
mAb_2,15.00s,ELN66236_02_16_mAb_2_PROTEIN_ECD_15_20220610_210102,PROTEIN,4,16,AAAAAPAAAAAAA,H,2,3.82,3.72-4.02,22,87,86-90,0.05,0.006,1.70E+06,791.594,n/a,n/a,n/a,n/a,791.553,n/a,n/a,n/a,n/a,0.8632,1.65,3.301,37.469,n/a,n/a,n/a,,High
mAb_2,150.00s,ELN66236_02_18_mAb_2_PROTEIN_ECD_150_20220610_214348,PROTEIN,4,16,AAAAAPAAAAAAA,H,2,3.82,3.72-4.02,22,87,86-90,0.053,0.004,9.68E+05,792.065,n/a,n/a,n/a,n/a,792.05,n/a,n/a,n/a,n/a,0.8899,2.147,4.294,48.737,n/a,n/a,n/a,,High
mAb_2,1500.00s,ELN66236_02_20_mAb_2_PROTEIN_ECD_1500_20220610_224546,PROTEIN,4,16,AAAAAPAAAAAAA,H,2,3.82,3.72-4.02,22,87,86-90,0.056,0.004,6.63E+05,792.369,n/a,n/a,n/a,n/a,792.364,n/a,n/a,n/a,n/a,0.8976,2.461,4.921,55.86,n/a,n/a,n/a,,High
mAb_3,0s,ELN66236_02_64_mAb_3_PROTEIN_ECD_0_20220613_171016,PROTEIN,4,16,AAAAAPAAAAAAA,H,2,3.82,3.72-4.02,22,87,86-90,0.052,0.004,1.31E+06,789.947,n/a,n/a,n/a,n/a,789.903,n/a,n/a,n/a,n/a,0.8794,n/a,n/a,,n/a,n/a,n/a,,High
mAb_3,15.00s,ELN66236_02_28_mAb_3_PROTEIN_ECD_15_20220611_023911,PROTEIN,4,16,AAAAAPAAAAAAA,H,2,3.82,3.72-4.02,22,87,86-90,0.051,0.005,1.72E+06,791.53,n/a,n/a,n/a,n/a,791.505,n/a,n/a,n/a,n/a,0.8683,1.602,3.204,36.363,n/a,n/a,n/a,,High
mAb_3,150.00s,ELN66236_02_30_mAb_3_PROTEIN_ECD_150_20220611_032243,PROTEIN,4,16,AAAAAPAAAAAAA,H,2,3.82,3.72-4.02,22,87,86-90,0.057,0.003,1.11E+06,792.01,n/a,n/a,n/a,n/a,792.004,n/a,n/a,n/a,n/a,0.8796,2.101,4.202,47.69,n/a,n/a,n/a,,High
mAb_3,1500.00s,ELN66236_02_32_mAb_3_PROTEIN_ECD_1500_20220611_042454,PROTEIN,4,16,AAAAAPAAAAAAA,H,2,3.82,3.72-4.02,22,87,86-90,0.057,0.001,7.45E+05,792.344,n/a,n/a,n/a,n/a,792.332,n/a,n/a,n/a,n/a,0.898,2.429,4.857,55.136,n/a,n/a,n/a,,High
mAb_4,0s,ELN66236_02_68_mAb_4_PROTEIN_ECD_0_20220613_183721,PROTEIN,4,16,AAAAAPAAAAAAA,H,2,3.82,3.81-3.93,10,87,87-91,0.052,0.005,7.93E+05,789.953,n/a,n/a,n/a,n/a,789.903,n/a,n/a,n/a,n/a,0.8677,n/a,n/a,,n/a,n/a,n/a,,High
mAb_4,15.00s,ELN66236_02_53_mAb_4_PROTEIN_ECD_15_20220611_212338,PROTEIN,4,16,AAAAAPAAAAAAA,H,2,3.82,3.81-3.93,10,87,87-91,0.051,0.004,7.53E+05,791.543,n/a,n/a,n/a,n/a,791.51,n/a,n/a,n/a,n/a,0.8833,1.607,3.214,36.48,n/a,n/a,n/a,,High
mAb_4,150.00s,ELN66236_02_56_mAb_4_PROTEIN_ECD_150_20220611_222847,PROTEIN,4,16,AAAAAPAAAAAAA,H,2,3.82,3.81-3.93,10,87,87-91,0.059,0.003,4.24E+05,791.979,n/a,n/a,n/a,n/a,791.966,n/a,n/a,n/a,n/a,0.8867,2.063,4.125,46.823,n/a,n/a,n/a,,High
mAb_4,1500.00s,ELN66236_02_59_mAb_4_PROTEIN_ECD_1500_20220611_235156,PROTEIN,4,16,AAAAAPAAAAAAA,H,2,3.82,3.81-3.93,10,87,87-91,0.056,0.001,2.89E+05,792.315,n/a,n/a,n/a,n/a,792.319,n/a,n/a,n/a,n/a,0.9095,2.416,4.833,54.853,n/a,n/a,n/a,,High
mAb_5,0s,ELN66236_02_66_mAb_5_PROTEIN_ECD_0_20220613_175352,PROTEIN,4,16,AAAAAPAAAAAAA,H,2,3.82,3.72-4.02,22,87,86-90,0.053,0,1.29E+06,789.954,n/a,n/a,n/a,n/a,789.903,n/a,n/a,n/a,n/a,0.873,n/a,n/a,,n/a,n/a,n/a,,High
mAb_5,15.00s,ELN66236_02_51_mAb_5_PROTEIN_ECD_15_20220611_203241,PROTEIN,4,16,AAAAAPAAAAAAA,H,2,3.82,3.72-4.02,22,87,86-90,0.053,0.004,1.38E+06,791.442,n/a,n/a,n/a,n/a,791.442,n/a,n/a,n/a,n/a,0.8807,1.539,3.078,34.938,n/a,n/a,n/a,,High
mAb_5,150.00s,ELN66236_02_54_mAb_5_PROTEIN_ECD_150_20220611_214542,PROTEIN,4,16,AAAAAPAAAAAAA,H,2,3.82,3.72-4.02,22,87,86-90,0.059,0.002,8.81E+05,791.959,n/a,n/a,n/a,n/a,791.963,n/a,n/a,n/a,n/a,0.8772,2.06,4.12,46.76,n/a,n/a,n/a,,High
mAb_5,1500.00s,ELN66236_02_57_mAb_5_PROTEIN_ECD_1500_20220611_230941,PROTEIN,4,16,AAAAAPAAAAAAA,H,2,3.82,3.72-4.02,22,87,86-90,0.055,0.001,5.50E+05,792.194,n/a,n/a,n/a,n/a,792.199,n/a,n/a,n/a,n/a,0.9009,2.296,4.592,52.128,n/a,n/a,n/a,,High
mAb_6,0s,ELN66236_02_67_mAb_6_PROTEIN_ECD_0_20220613_181538,PROTEIN,4,16,AAAAAPAAAAAAA,H,2,3.82,3.72-3.99,21,87,84-89,0.064,0.001,4.50E+05,789.922,n/a,n/a,n/a,n/a,789.903,n/a,n/a,n/a,n/a,0.9149,n/a,n/a,,n/a,n/a,n/a,,High
mAb_6,15.00s,ELN66236_02_52_mAb_6_PROTEIN_ECD_15_20220611_210144,PROTEIN,4,16,AAAAAPAAAAAAA,H,2,3.82,3.72-3.99,21,87,84-89,0.055,0.004,8.52E+05,791.506,n/a,n/a,n/a,n/a,791.475,n/a,n/a,n/a,n/a,0.8985,1.572,3.144,35.682,n/a,n/a,n/a,,High
mAb_6,150.00s,ELN66236_02_55_mAb_6_PROTEIN_ECD_150_20220611_220720,PROTEIN,4,16,AAAAAPAAAAAAA,H,2,3.82,3.72-3.99,21,87,84-89,0.06,0.002,4.69E+05,792.043,n/a,n/a,n/a,n/a,792.045,n/a,n/a,n/a,n/a,0.8962,2.142,4.284,48.627,n/a,n/a,n/a,,High
mAb_6,1500.00s,ELN66236_02_58_mAb_6_PROTEIN_ECD_1500_20220611_233054,PROTEIN,4,16,AAAAAPAAAAAAA,H,2,3.82,3.72-3.99,21,87,84-89,0.058,0.001,1.87E+05,792.217,n/a,n/a,n/a,n/a,792.225,n/a,n/a,n/a,n/a,0.857,2.322,4.644,52.71,n/a,n/a,n/a,,High
apo_PROTEIN,0s,ELN66236_02_10_PROTEIN-ECD_apo_0_20220610_182354,PROTEIN,4,27,AAAAAPAAAAAAAAAAAAAAAAAA,H,4,8.89,8.69-8.86,13,61,60-64,0.05,-0.004,6.79E+05,683.299,n/a,n/a,n/a,n/a,683.278,n/a,n/a,n/a,n/a,0.8834,n/a,n/a,,n/a,n/a,n/a,,Medium
apo_PROTEIN,15.00s,ELN66236_02_11_PROTEIN-ECD_apo_15_20220610_184553,PROTEIN,4,27,AAAAAPAAAAAAAAAAAAAAAAAA,H,4,8.89,8.69-8.86,13,61,60-64,0.052,-0.006,2.40E+05,684.325,n/a,n/a,n/a,n/a,684.438,n/a,n/a,n/a,n/a,0.7752,1.159,4.637,25.066,n/a,n/a,n/a,,Medium
apo_PROTEIN,150.00s,ELN66236_02_12_PROTEIN-ECD_apo_150_20220610_191541,PROTEIN,4,27,AAAAAPAAAAAAAAAAAAAAAAAA,H,4,8.89,8.69-8.86,13,61,60-64,0.055,-0.006,1.44E+05,684.765,n/a,n/a,n/a,n/a,684.925,n/a,n/a,n/a,n/a,0.7926,1.646,6.585,35.594,n/a,n/a,n/a,,Medium
apo_PROTEIN,1500.00s,ELN66236_02_13_PROTEIN-ECD_apo_1500_20220610_195632,PROTEIN,4,27,AAAAAPAAAAAAAAAAAAAAAAAA,H,4,8.89,8.69-8.86,13,61,60-64,0.055,0.004,1.07E+05,685.048,n/a,n/a,n/a,n/a,685.209,n/a,n/a,n/a,n/a,0.8008,1.93,7.721,41.731,n/a,n/a,n/a,,Medium
mAb_1,0s,ELN66236_02_63_mAb_1_PROTEIN_ECD_0_20220613_164825,PROTEIN,4,27,AAAAAPAAAAAAAAAAAAAAAAAA,H,4,8.89,8.65-8.95,22,61,61-65,0.066,-0.004,7.44E+04,683.33,n/a,n/a,n/a,n/a,683.276,n/a,n/a,n/a,n/a,0.8347,n/a,n/a,,n/a,n/a,n/a,,Medium
mAb_1,15.00s,ELN66236_02_06_mAb_1_PROTEIN_ECD_15_20220610_163142,PROTEIN,4,27,AAAAAPAAAAAAAAAAAAAAAAAA,H,4,8.89,8.65-8.95,22,61,61-65,0.057,-0.003,5.00E+05,684.455,n/a,n/a,n/a,n/a,684.478,n/a,n/a,n/a,n/a,0.8331,1.202,4.809,25.992,n/a,n/a,n/a,,Medium
mAb_1,150.00s,ELN66236_02_07_mAb_1_PROTEIN_ECD_150_20220610_165350,PROTEIN,4,27,AAAAAPAAAAAAAAAAAAAAAAAA,H,4,8.89,8.65-8.95,22,61,61-65,0.059,-0.004,2.18E+05,684.785,n/a,n/a,n/a,n/a,684.869,n/a,n/a,n/a,n/a,0.8047,1.593,6.373,34.446,n/a,n/a,n/a,,Medium
mAb_1,1500.00s,ELN66236_02_09_mAb_1_PROTEIN_ECD_1500_20220610_175621,PROTEIN,4,27,AAAAAPAAAAAAAAAAAAAAAAAA,H,4,8.89,8.65-8.95,22,61,61-65,0.063,-0.005,1.39E+05,685.251,n/a,n/a,n/a,n/a,685.364,n/a,n/a,n/a,n/a,0.7892,2.088,8.353,45.149,n/a,n/a,n/a,,Medium
mAb_2,0s,ELN66236_02_65_mAb_2_PROTEIN_ECD_0_20220613_173205,PROTEIN,4,27,AAAAAPAAAAAAAAAAAAAAAAAA,H,4,8.89,8.73-8.90,13,61,58-63,0.06,-0.004,1.10E+05,683.307,n/a,n/a,n/a,n/a,683.277,n/a,n/a,n/a,n/a,0.817,n/a,n/a,,n/a,n/a,n/a,,Medium
mAb_2,15.00s,ELN66236_02_16_mAb_2_PROTEIN_ECD_15_20220610_210102,PROTEIN,4,27,AAAAAPAAAAAAAAAAAAAAAAAA,H,4,8.89,8.73-8.90,13,61,58-63,0.056,0.002,2.31E+05,684.565,n/a,n/a,n/a,n/a,684.604,n/a,n/a,n/a,n/a,0.8092,1.327,5.308,28.69,n/a,n/a,n/a,,Medium
mAb_2,150.00s,ELN66236_02_18_mAb_2_PROTEIN_ECD_150_20220610_214348,PROTEIN,4,27,AAAAAPAAAAAAAAAAAAAAAAAA,H,4,8.89,8.73-8.90,13,61,58-63,0.047,0.002,1.27E+05,684.893,n/a,n/a,n/a,n/a,684.945,n/a,n/a,n/a,n/a,0.7249,1.668,6.671,36.056,n/a,n/a,n/a,,Medium
mAb_2,1500.00s,ELN66236_02_20_mAb_2_PROTEIN_ECD_1500_20220610_224546,PROTEIN,4,27,AAAAAPAAAAAAAAAAAAAAAAAA,H,4,8.89,8.73-8.90,13,61,58-63,0.058,0.002,7.94E+04,685.288,n/a,n/a,n/a,n/a,685.362,n/a,n/a,n/a,n/a,0.7735,2.085,8.339,45.074,n/a,n/a,n/a,,Medium
mAb_3,0s,ELN66236_02_64_mAb_3_PROTEIN_ECD_0_20220613_171016,PROTEIN,4,27,AAAAAPAAAAAAAAAAAAAAAAAA,H,4,8.89,8.72-8.92,16,61,61-65,0.061,0.002,1.38E+05,683.304,n/a,n/a,n/a,n/a,683.276,n/a,n/a,n/a,n/a,0.8432,n/a,n/a,,n/a,n/a,n/a,,Medium
mAb_3,15.00s,ELN66236_02_28_mAb_3_PROTEIN_ECD_15_20220611_023911,PROTEIN,4,27,AAAAAPAAAAAAAAAAAAAAAAAA,H,4,8.89,8.72-8.92,16,61,61-65,0.051,0.002,3.18E+05,684.513,n/a,n/a,n/a,n/a,684.549,n/a,n/a,n/a,n/a,0.7744,1.273,5.092,27.524,n/a,n/a,n/a,,Medium
mAb_3,150.00s,ELN66236_02_30_mAb_3_PROTEIN_ECD_150_20220611_032243,PROTEIN,4,27,AAAAAPAAAAAAAAAAAAAAAAAA,H,4,8.89,8.72-8.92,16,61,61-65,0.06,0.001,1.97E+05,684.883,n/a,n/a,n/a,n/a,684.965,n/a,n/a,n/a,n/a,0.8125,1.688,6.754,36.505,n/a,n/a,n/a,,Medium
mAb_3,1500.00s,ELN66236_02_32_mAb_3_PROTEIN_ECD_1500_20220611_042454,PROTEIN,4,27,AAAAAPAAAAAAAAAAAAAAAAAA,H,4,8.89,8.72-8.92,16,61,61-65,0.058,0,1.30E+05,685.258,n/a,n/a,n/a,n/a,685.342,n/a,n/a,n/a,n/a,0.7816,2.066,8.264,44.668,n/a,n/a,n/a,,Medium
mAb_4,0s,ELN66236_02_68_mAb_4_PROTEIN_ECD_0_20220613_183721,PROTEIN,4,27,AAAAAPAAAAAAAAAAAAAAAAAA,H,4,8.89,8.72-8.88,13,61,61-65,0.057,0.002,1.65E+05,683.28,n/a,n/a,n/a,n/a,683.278,n/a,n/a,n/a,n/a,0.8748,n/a,n/a,,n/a,n/a,n/a,,Medium
mAb_4,15.00s,ELN66236_02_53_mAb_4_PROTEIN_ECD_15_20220611_212338,PROTEIN,4,27,AAAAAPAAAAAAAAAAAAAAAAAA,H,4,8.89,8.72-8.88,13,61,61-65,0.058,0.001,1.45E+05,684.46,n/a,n/a,n/a,n/a,684.557,n/a,n/a,n/a,n/a,0.7438,1.279,5.117,27.66,n/a,n/a,n/a,,Medium
mAb_4,150.00s,ELN66236_02_56_mAb_4_PROTEIN_ECD_150_20220611_222847,PROTEIN,4,27,AAAAAPAAAAAAAAAAAAAAAAAA,H,4,8.89,8.72-8.88,13,61,61-65,0.059,0.001,8.29E+04,684.767,n/a,n/a,n/a,n/a,684.929,n/a,n/a,n/a,n/a,0.7425,1.651,6.605,35.701,n/a,n/a,n/a,,Medium
mAb_4,1500.00s,ELN66236_02_59_mAb_4_PROTEIN_ECD_1500_20220611_235156,PROTEIN,4,27,AAAAAPAAAAAAAAAAAAAAAAAA,H,4,8.89,8.72-8.88,13,61,61-65,0.065,0.001,5.33E+04,685.245,n/a,n/a,n/a,n/a,685.34,n/a,n/a,n/a,n/a,0.7554,2.063,8.251,44.599,n/a,n/a,n/a,,Medium
mAb_5,0s,ELN66236_02_66_mAb_5_PROTEIN_ECD_0_20220613_175352,PROTEIN,4,27,AAAAAPAAAAAAAAAAAAAAAAAA,H,4,8.89,8.72-8.90,14,61,61-65,0.057,-0.002,1.58E+05,683.286,n/a,n/a,n/a,n/a,683.276,n/a,n/a,n/a,n/a,0.8706,n/a,n/a,,n/a,n/a,n/a,,Medium
mAb_5,15.00s,ELN66236_02_51_mAb_5_PROTEIN_ECD_15_20220611_203241,PROTEIN,4,27,AAAAAPAAAAAAAAAAAAAAAAAA,H,4,8.89,8.72-8.90,14,61,61-65,0.057,0.001,1.52E+05,684.429,n/a,n/a,n/a,n/a,684.431,n/a,n/a,n/a,n/a,0.7618,1.155,4.621,24.976,n/a,n/a,n/a,,Medium
mAb_5,150.00s,ELN66236_02_54_mAb_5_PROTEIN_ECD_150_20220611_214542,PROTEIN,4,27,AAAAAPAAAAAAAAAAAAAAAAAA,H,4,8.89,8.72-8.90,14,61,61-65,0.055,0.001,9.64E+04,684.655,n/a,n/a,n/a,n/a,684.681,n/a,n/a,n/a,n/a,0.7354,1.405,5.619,30.369,n/a,n/a,n/a,,Medium
mAb_5,1500.00s,ELN66236_02_57_mAb_5_PROTEIN_ECD_1500_20220611_230941,PROTEIN,4,27,AAAAAPAAAAAAAAAAAAAAAAAA,H,4,8.89,8.72-8.90,14,61,61-65,0.066,0,4.76E+04,684.922,n/a,n/a,n/a,n/a,685.047,n/a,n/a,n/a,n/a,0.7539,1.771,7.083,38.286,n/a,n/a,n/a,,Medium
mAb_6,0s,ELN66236_02_67_mAb_6_PROTEIN_ECD_0_20220613_181538,PROTEIN,4,27,AAAAAPAAAAAAAAAAAAAAAAAA,H,4,8.89,8.73-8.92,15,61,61-65,0.064,0.001,6.90E+04,683.31,n/a,n/a,n/a,n/a,683.275,n/a,n/a,n/a,n/a,0.8363,n/a,n/a,,n/a,n/a,n/a,,Medium
mAb_6,15.00s,ELN66236_02_52_mAb_6_PROTEIN_ECD_15_20220611_210144,PROTEIN,4,27,AAAAAPAAAAAAAAAAAAAAAAAA,H,4,8.89,8.73-8.92,15,61,61-65,0.064,0.002,8.84E+04,684.483,n/a,n/a,n/a,n/a,684.467,n/a,n/a,n/a,n/a,0.7513,1.192,4.768,25.77,n/a,n/a,n/a,,Medium
mAb_6,150.00s,ELN66236_02_55_mAb_6_PROTEIN_ECD_150_20220611_220720,PROTEIN,4,27,AAAAAPAAAAAAAAAAAAAAAAAA,H,4,8.89,8.73-8.92,15,61,61-65,0.062,0.001,4.57E+04,684.765,n/a,n/a,n/a,n/a,684.833,n/a,n/a,n/a,n/a,0.7123,1.558,6.232,33.687,n/a,n/a,n/a,,Medium
mAb_6,1500.00s,ELN66236_02_58_mAb_6_PROTEIN_ECD_1500_20220611_233054,PROTEIN,4,27,AAAAAPAAAAAAAAAAAAAAAAAA,H,4,8.89,8.73-8.92,15,61,61-65,0.069,0,2.02E+04,685.001,n/a,n/a,n/a,n/a,684.981,n/a,n/a,n/a,n/a,0.6982,1.706,6.824,36.884,n/a,n/a,n/a,,Medium
apo_PROTEIN,0s,ELN66236_02_10_PROTEIN-ECD_apo_0_20220610_182354,PROTEIN,5,13,AAAAPAAAA,H,2,3.79,4.14-4.33,15,55,53-57,0.044,-0.005,1.23E+06,537.165,n/a,n/a,n/a,n/a,537.119,n/a,n/a,n/a,n/a,0.8563,n/a,n/a,,n/a,n/a,n/a,,Medium
apo_PROTEIN,15.00s,ELN66236_02_11_PROTEIN-ECD_apo_15_20220610_184553,PROTEIN,5,13,AAAAPAAAA,H,2,3.79,4.14-4.33,15,55,53-57,0.044,-0.006,5.19E+05,538.522,n/a,n/a,n/a,n/a,538.501,n/a,n/a,n/a,n/a,0.8821,1.383,2.765,52.313,n/a,n/a,n/a,,Medium
apo_PROTEIN,150.00s,ELN66236_02_12_PROTEIN-ECD_apo_150_20220610_191541,PROTEIN,5,13,AAAAPAAAA,H,2,3.79,4.14-4.33,15,55,53-57,0.043,-0.007,3.61E+05,538.724,n/a,n/a,n/a,n/a,538.704,n/a,n/a,n/a,n/a,0.8689,1.586,3.172,59.999,n/a,n/a,n/a,,Medium
apo_PROTEIN,1500.00s,ELN66236_02_13_PROTEIN-ECD_apo_1500_20220610_195632,PROTEIN,5,13,AAAAPAAAA,H,2,3.79,4.14-4.33,15,55,53-57,0.041,0,2.86E+05,538.728,n/a,n/a,n/a,n/a,538.711,n/a,n/a,n/a,n/a,0.8344,1.593,3.186,60.264,n/a,n/a,n/a,,Medium
mAb_1,0s,ELN66236_02_63_mAb_1_PROTEIN_ECD_0_20220613_164825,PROTEIN,5,13,AAAAPAAAA,H,2,3.79,3.72-3.84,10,55,52-57,0.05,-0.042,3.68E+05,537.216,n/a,n/a,n/a,n/a,537.119,n/a,n/a,n/a,n/a,0.7424,n/a,n/a,,n/a,n/a,n/a,,Medium
mAb_1,15.00s,ELN66236_02_06_mAb_1_PROTEIN_ECD_15_20220610_163142,PROTEIN,5,13,AAAAPAAAA,H,2,3.79,3.72-3.84,10,55,52-57,0.047,-0.042,6.56E+05,537.332,n/a,n/a,n/a,n/a,537.275,n/a,n/a,n/a,n/a,0.8389,0.156,0.313,5.92,n/a,n/a,n/a,,Medium
mAb_1,150.00s,ELN66236_02_07_mAb_1_PROTEIN_ECD_150_20220610_165350,PROTEIN,5,13,AAAAPAAAA,H,2,3.79,3.72-3.84,10,55,52-57,0.046,-0.043,5.32E+05,537.321,n/a,n/a,n/a,n/a,537.263,n/a,n/a,n/a,n/a,0.8371,0.144,0.288,5.45,n/a,n/a,n/a,,Medium
mAb_1,1500.00s,ELN66236_02_09_mAb_1_PROTEIN_ECD_1500_20220610_175621,PROTEIN,5,13,AAAAPAAAA,H,2,3.79,3.72-3.84,10,55,52-57,0.047,-0.04,5.76E+05,537.314,n/a,n/a,n/a,n/a,537.208,n/a,n/a,n/a,n/a,0.5566,0.089,0.177,3.356,n/a,n/a,n/a,,Low
mAb_2,0s,ELN66236_02_65_mAb_2_PROTEIN_ECD_0_20220613_173205,PROTEIN,5,13,AAAAPAAAA,H,2,3.79,3.70-3.85,12,55,52-57,0.045,-0.042,8.47E+05,537.265,n/a,n/a,n/a,n/a,537.119,n/a,n/a,n/a,n/a,0.7458,n/a,n/a,,n/a,n/a,n/a,,Medium
mAb_2,15.00s,ELN66236_02_16_mAb_2_PROTEIN_ECD_15_20220610_210102,PROTEIN,5,13,AAAAPAAAA,H,2,3.79,3.70-3.85,12,55,52-57,0.044,-0.036,1.01E+06,537.371,n/a,n/a,n/a,n/a,537.315,n/a,n/a,n/a,n/a,0.82,0.196,0.392,7.411,n/a,n/a,n/a,,Medium
mAb_2,150.00s,ELN66236_02_18_mAb_2_PROTEIN_ECD_150_20220610_214348,PROTEIN,5,13,AAAAPAAAA,H,2,3.79,3.70-3.85,12,55,52-57,0.043,-0.038,8.80E+05,537.345,n/a,n/a,n/a,n/a,537.235,n/a,n/a,n/a,n/a,0.8033,0.116,0.232,4.386,n/a,n/a,n/a,,Medium
mAb_2,1500.00s,ELN66236_02_20_mAb_2_PROTEIN_ECD_1500_20220610_224546,PROTEIN,5,13,AAAAPAAAA,H,2,3.79,3.70-3.85,12,55,52-57,0.047,-0.037,8.32E+05,537.367,n/a,n/a,n/a,n/a,537.253,n/a,n/a,n/a,n/a,0.7859,0.134,0.267,5.054,n/a,n/a,n/a,,Medium
mAb_3,0s,ELN66236_02_64_mAb_3_PROTEIN_ECD_0_20220613_171016,PROTEIN,5,13,AAAAPAAAA,H,2,3.79,3.69-3.96,21,55,54-58,0.044,-0.037,1.37E+06,537.273,n/a,n/a,n/a,n/a,537.119,n/a,n/a,n/a,n/a,0.7556,n/a,n/a,,n/a,n/a,n/a,,Medium
mAb_3,15.00s,ELN66236_02_28_mAb_3_PROTEIN_ECD_15_20220611_023911,PROTEIN,5,13,AAAAPAAAA,H,2,3.79,3.69-3.96,21,55,54-58,0.043,-0.037,1.08E+06,537.366,n/a,n/a,n/a,n/a,537.253,n/a,n/a,n/a,n/a,0.7962,0.134,0.268,5.072,n/a,n/a,n/a,,Medium
mAb_3,150.00s,ELN66236_02_30_mAb_3_PROTEIN_ECD_150_20220611_032243,PROTEIN,5,13,AAAAPAAAA,H,2,3.79,3.69-3.96,21,55,54-58,0.045,-0.037,1.02E+06,537.356,n/a,n/a,n/a,n/a,537.28,n/a,n/a,n/a,n/a,0.7375,0.161,0.322,6.084,n/a,n/a,n/a,,Medium
mAb_3,1500.00s,ELN66236_02_32_mAb_3_PROTEIN_ECD_1500_20220611_042454,PROTEIN,5,13,AAAAPAAAA,H,2,3.79,3.69-3.96,21,55,54-58,0.041,-0.036,1.15E+06,537.345,n/a,n/a,n/a,n/a,537.24,n/a,n/a,n/a,n/a,0.5892,0.122,0.243,4.598,n/a,n/a,n/a,,Medium
mAb_4,0s,ELN66236_02_68_mAb_4_PROTEIN_ECD_0_20220613_183721,PROTEIN,5,13,AAAAPAAAA,H,2,3.79,3.72-3.89,14,55,54-58,0.046,-0.037,1.10E+06,537.255,n/a,n/a,n/a,n/a,537.119,n/a,n/a,n/a,n/a,0.7782,n/a,n/a,,n/a,n/a,n/a,,Medium
mAb_4,15.00s,ELN66236_02_53_mAb_4_PROTEIN_ECD_15_20220611_212338,PROTEIN,5,13,AAAAPAAAA,H,2,3.79,3.72-3.89,14,55,54-58,0.041,-0.034,5.36E+05,537.346,n/a,n/a,n/a,n/a,537.268,n/a,n/a,n/a,n/a,0.6516,0.15,0.299,5.661,n/a,n/a,n/a,,Low
mAb_4,150.00s,ELN66236_02_56_mAb_4_PROTEIN_ECD_150_20220611_222847,PROTEIN,5,13,AAAAPAAAA,H,2,3.79,3.72-3.89,14,55,54-58,0.041,-0.035,7.41E+05,537.314,n/a,n/a,n/a,n/a,537.239,n/a,n/a,n/a,n/a,0.6189,0.12,0.24,4.541,n/a,n/a,n/a,,Medium
mAb_4,1500.00s,ELN66236_02_59_mAb_4_PROTEIN_ECD_1500_20220611_235156,PROTEIN,5,13,AAAAPAAAA,H,2,3.79,3.72-3.89,14,55,54-58,0.04,-0.035,8.07E+05,537.316,n/a,n/a,n/a,n/a,537.225,n/a,n/a,n/a,n/a,0.5319,0.106,0.213,4.022,n/a,n/a,n/a,,Medium
mAb_5,0s,ELN66236_02_66_mAb_5_PROTEIN_ECD_0_20220613_175352,PROTEIN,5,13,AAAAPAAAA,H,2,3.79,3.69-3.92,18,55,54-58,0.046,-0.04,9.98E+05,537.25,n/a,n/a,n/a,n/a,537.119,n/a,n/a,n/a,n/a,0.7788,n/a,n/a,,n/a,n/a,n/a,,Medium
mAb_5,15.00s,ELN66236_02_51_mAb_5_PROTEIN_ECD_15_20220611_203241,PROTEIN,5,13,AAAAPAAAA,H,2,3.79,3.69-3.92,18,55,54-58,0.044,-0.037,7.62E+05,537.35,n/a,n/a,n/a,n/a,537.262,n/a,n/a,n/a,n/a,0.7882,0.143,0.286,5.412,n/a,n/a,n/a,,Medium
mAb_5,150.00s,ELN66236_02_54_mAb_5_PROTEIN_ECD_150_20220611_214542,PROTEIN,5,13,AAAAPAAAA,H,2,3.79,3.69-3.92,18,55,54-58,0.042,-0.035,7.94E+05,537.317,n/a,n/a,n/a,n/a,537.167,n/a,n/a,n/a,n/a,0.5736,0.048,0.096,1.814,n/a,n/a,n/a,,Low
mAb_5,1500.00s,ELN66236_02_57_mAb_5_PROTEIN_ECD_1500_20220611_230941,PROTEIN,5,13,AAAAPAAAA,H,2,3.79,3.69-3.92,18,55,54-58,0.043,-0.036,6.82E+05,537.307,n/a,n/a,n/a,n/a,537.2,n/a,n/a,n/a,n/a,0.5761,0.081,0.162,3.059,n/a,n/a,n/a,,Low
mAb_6,0s,ELN66236_02_67_mAb_6_PROTEIN_ECD_0_20220613_181538,PROTEIN,5,13,AAAAPAAAA,H,2,3.79,3.70-3.93,18,55,54-58,0.044,-0.039,1.11E+06,537.268,n/a,n/a,n/a,n/a,537.119,n/a,n/a,n/a,n/a,0.761,n/a,n/a,,n/a,n/a,n/a,,Medium
mAb_6,15.00s,ELN66236_02_52_mAb_6_PROTEIN_ECD_15_20220611_210144,PROTEIN,5,13,AAAAPAAAA,H,2,3.79,3.70-3.93,18,55,54-58,0.043,-0.036,8.18E+05,537.339,n/a,n/a,n/a,n/a,537.25,n/a,n/a,n/a,n/a,0.7188,0.131,0.263,4.97,n/a,n/a,n/a,,Medium
mAb_6,150.00s,ELN66236_02_55_mAb_6_PROTEIN_ECD_150_20220611_220720,PROTEIN,5,13,AAAAPAAAA,H,2,3.79,3.70-3.93,18,55,54-58,0.04,-0.034,9.91E+05,537.304,n/a,n/a,n/a,n/a,537.186,n/a,n/a,n/a,n/a,0.529,0.067,0.133,2.524,n/a,n/a,n/a,,Medium
mAb_6,1500.00s,ELN66236_02_58_mAb_6_PROTEIN_ECD_1500_20220611_233054,PROTEIN,5,13,AAAAPAAAA,H,2,3.79,3.70-3.93,18,55,54-58,0.043,-0.036,7.90E+05,537.314,n/a,n/a,n/a,n/a,537.21,n/a,n/a,n/a,n/a,0.6414,0.092,0.183,3.463,n/a,n/a,n/a,,Medium
